time,cloud_coverage,visibility,stargaze_score,sunrise,sunset,moon_phase,moon_illumination,moon_altitude,moon_azimuth,sun_altitude,sun_azimuth,moon_name
2026-09-29T00:00,20,11320.0,71.65171145226988,2026-09-29T06:13,2026-09-29T18:13,0.5693290790148353,95.33069444935072,6.28446775802294,286.68698001367886,-69.59943972289574,349.9710283853766,Waning gibbous
2026-09-29T01:00,27,11360.0,73.0,2026-09-29T06:13,2026-09-29T18:13,0.5707400453478613,95.14187357571515,-6.243305068240855,292.4070529201498,-66.99254049314686,30.70885943590477,Waning gibbous
2026-09-29T02:00,41,11400.0,59.00000000000001,2026-09-29T06:13,2026-09-29T18:13,0.5721510116808872,94.94950481511462,-18.184660608859254,299.39302411178465,-57.33716153331815,55.78402843337797,Waning gibbous
2026-09-29T03:00,59,10300.0,41.0,2026-09-29T06:13,2026-09-29T18:13,0.57356197801397,94.75360328659946,-29.182814840789018,308.39084505830385,-44.98014502447165,69.49642147684597,Waning gibbous
2026-09-29T04:00,41,9300.0,54.870000000000005,2026-09-29T06:13,2026-09-29T18:13,0.574972944346996,94.55418438689863,-38.621894439540135,320.41129375432615,-31.644906556565275,78.29730984204362,Waning gibbous
2026-09-29T05:00,57,9880.0,42.484,2026-09-29T06:13,2026-09-29T18:13,0.5763839106800219,94.35126378916226,-45.495784592745736,336.4169466975103,-17.914927688116137,84.97632231092349,Waning gibbous
2026-09-29T06:00,57,9740.0,41.882,2026-09-29T06:13,2026-09-29T18:13,0.5777948770131047,94.14485744175288,-48.51041544710126,356.0348805941709,-3.993486871711312,90.81703750275511,Waning gibbous
2026-09-29T07:00,80,9780.0,0,2026-09-29T06:13,2026-09-29T18:13,0.5792058433461875,93.93498156700902,-46.853602720346764,16.226745241039477,9.85430310878293,96.60279922152623,Waning gibbous
2026-09-29T08:00,35,14400.0,0,2026-09-29T06:13,2026-09-29T18:13,0.5806168096792135,93.72165265995432,-41.00353038766334,33.38722668930602,23.46680709929352,103.05348268462168,Waning gibbous
2026-09-29T09:00,5,15780.0,0,2026-09-29T06:13,2026-09-29T18:13,0.5820277760122963,93.50488748697468,-32.22808246473925,46.4018939462491,36.711816981689395,111.17033165524043,Waning gibbous
2026-09-29T10:00,13,10100.0,0,2026-09-29T06:13,2026-09-29T18:13,0.5834387423453222,93.28470308456104,-21.653607739610035,56.01656849666368,49.087319804187054,122.79121353644092,Waning gibbous
2026-09-29T11:00,22,9100.0,0,2026-09-29T06:13,2026-09-29T18:13,0.5848497086783482,93.06111675790962,-9.999759093265794,63.27476001767349,59.44132915970241,141.56956095707017,Waning gibbous
2026-09-29T12:00,25,10120.0,0,2026-09-29T06:13,2026-09-29T18:13,0.586260675011431,92.83414607958743,2.3154137057758755,68.97145301980788,65.06315513497736,171.8263214288671,Waning gibbous
2026-09-29T13:00,25,7820.0,0,2026-09-29T06:13,2026-09-29T18:13,0.5876716413444569,92.6038088881792,15.048537133220007,73.63892078249705,62.819743311552564,205.99521825433868,Waning gibbous
2026-09-29T14:00,69,3720.0,0,2026-09-29T06:13,2026-09-29T18:13,0.5890826076774829,92.37012328683049,28.052311201088415,77.6331615561827,54.16250265920949,229.72624889375206,Waning gibbous
2026-09-29T15:00,20,7340.0,0,2026-09-29T06:13,2026-09-29T18:13,0.5904935740105657,92.13310764185178,41.23271992626559,81.21181328022725,42.49166869896794,243.99879138927886,Waning gibbous
2026-09-29T16:00,46,4500.0,0,2026-09-29T06:13,2026-09-29T18:13,0.5919045403435916,91.89278058130418,54.525809048862875,84.60797301087779,29.553891455990573,253.38843239748866,Waning gibbous
2026-09-29T17:00,17,8740.0,0,2026-09-29T06:13,2026-09-29T18:13,0.5933155066766176,91.64916099347809,67.88395633099283,88.19335136713566,16.05669774398946,260.42371666697966,Waning gibbous
2026-09-29T18:00,5,11360.0,0,2026-09-29T06:13,2026-09-29T18:13,0.5947264730097004,91.40226802543674,81.25933439403111,93.87732566788515,2.482324478920418,266.3909633659699,Waning gibbous
2026-09-29T19:00,7,11580.0,8.518836703783558,2026-09-29T06:13,2026-09-29T18:13,0.5961374393427263,91.1521210815418,85.25684555054416,262.7841258729322,-11.638718409722387,272.0863569618774,Waning gibbous
2026-09-29T20:00,4,11580.0,13.03906291873496,2026-09-29T06:13,2026-09-29T18:13,0.5975484056757523,90.8987398218686,71.93444272021765,272.153961222912,-25.479139283710822,278.21715578053227,Waning gibbous
2026-09-29T21:00,7,9560.0,20.094796167800794,2026-09-29T06:13,2026-09-29T18:13,0.5989593720088351,90.64214416069028,58.637071125264974,276.01828415066393,-39.066801653054114,285.75475646106383,Waning gibbous
2026-09-29T22:00,13,9560.0,29.61492950127188,2026-09-29T06:13,2026-09-29T18:13,0.600370338341861,90.3823542649441,45.43482341535823,279.49491334298597,-52.035545557934086,296.5974201720268,Waning gibbous
2026-09-29T23:00,23,9500.0,37.847971824495666,2026-09-29T06:13,2026-09-29T18:13,0.601781304674887,90.1193905525846,32.37846276747646,283.10449123455976,-63.37184684816859,315.27475475570805,Waning gibbous
